clube,estado,id_clube
Guarani,SP,1
Athletico-PR,PR,2
Flamengo,RJ,3
Goias,GO,4
Internacional,RS,5
Criciuma,SC,6
Juventude,RS,7
Fortaleza,CE,8
Cruzeiro,MG,9
Vitoria,BA,10
Santos,SP,11
Corinthians,SP,12
Fluminense,RJ,13
Atletico-MG,MG,14
Coritiba,PR,15
Gremio,RS,16
Bahia,BA,17
Figueirense,SC,18
Paysandu,PA,19
Ponte Preta,SP,20
Parana,PR,21
Sao Caetano,SP,22
Sao Paulo,SP,23
Vasco,RJ,24
Botafogo-RJ,RJ,25
Palmeiras,SP,26
Brasiliense,DF,27
Santa Cruz,PE,28
America-RN,RN,29
Sport,PE,30
Nautico,PE,31
Ipatinga,MG,32
Portuguesa,SP,33
Avai,SC,34
Santo Andre,SP,35
Barueri,SP,36
Atletico-GO,GO,37
Ceara,CE,38
Gremio Prudente,SP,39
America-MG,MG,40
Chapecoense,SC,41
Joinville,SC,42
CSA,AL,43
Bragantino,SP,44
Cuiaba,MT,45
Mirassol,SP,46
